{
    "metrics": {
        "iterations": {
            "count": 258,
            "rate": 4.088928361688831
        },
        "vus_max": {
            "value": 10,
            "min": 10,
            "max": 10
        },
        "http_req_receiving": {
            "min": 0.046749,
            "med": 0.820181,
            "max": 17.094097,
            "p(90)": 4.826447600000001,
            "p(95)": 6.900801899999998,
            "p(99)": 11.798081150000003,
            "avg": 1.9320632286821697
        },
        "checks": {
            "passes": 512,
            "fails": 4,
            "value": 0.9922480620155039
        },
        "http_req_duration": {
            "med": 1726.8760535,
            "max": 5845.015562,
            "p(90)": 2340.7802975000004,
            "p(95)": 3005.5950231999996,
            "p(99)": 3312.677194260002,
            "avg": 1864.485127186046,
            "min": 1167.456345,
            "thresholds": {
                "p(95)<3000": true
            }
        },
        "http_req_failed": {
            "passes": 2,
            "fails": 256,
            "thresholds": {
                "rate<0.01": false
            },
            "value": 0.007751937984496124
        },
        "http_req_blocked": {
            "p(99)": 1.1445802300000014,
            "avg": 0.05077605813953489,
            "min": 0.003489,
            "med": 0.008756,
            "max": 1.458011,
            "p(90)": 0.04206650000000001,
            "p(95)": 0.13154794999999972
        },
        "data_received": {
            "count": 135511,
            "rate": 2147.6541520186634
        },
        "http_req_tls_handshaking": {
            "min": 0,
            "med": 0,
            "max": 0,
            "p(90)": 0,
            "p(95)": 0,
            "p(99)": 0,
            "avg": 0
        },
        "iteration_duration": {
            "max": 6345.84421,
            "p(90)": 2842.5783465000004,
            "p(95)": 3509.0233316,
            "p(99)": 3816.0070719700025,
            "avg": 2365.940311267442,
            "min": 1668.5284,
            "med": 2228.5010389999998
        },
        "data_sent": {
            "count": 59856,
            "rate": 948.6313799118087
        },
        "http_req_connecting": {
            "max": 1.001051,
            "p(90)": 0,
            "p(95)": 0,
            "p(99)": 0.8071812900000002,
            "avg": 0.02385529457364341,
            "min": 0,
            "med": 0
        },
        "http_req_sending": {
            "avg": 0.07044922480620155,
            "min": 0.012374,
            "med": 0.0375515,
            "max": 0.699348,
            "p(90)": 0.1463575,
            "p(95)": 0.23092494999999946,
            "p(99)": 0.4350631500000013
        },
        "http_req_waiting": {
            "p(95)": 3003.2969080999997,
            "p(99)": 3312.1214749100022,
            "avg": 1862.482614732559,
            "min": 1166.919689,
            "med": 1725.843523,
            "max": 5844.814911,
            "p(90)": 2338.9870763000004
        },
        "vus": {
            "value": 1,
            "min": 1,
            "max": 10
        },
        "http_reqs": {
            "count": 258,
            "rate": 4.088928361688831
        },
        "http_req_duration{expected_response:true}": {
            "min": 1167.456345,
            "med": 1726.7342709999998,
            "max": 3505.471761,
            "p(90)": 2329.616625,
            "p(95)": 2719.92168575,
            "p(99)": 3151.0770911,
            "avg": 1834.0501690664055
        }
    },
    "root_group": {
        "name": "",
        "path": "",
        "id": "d41d8cd98f00b204e9800998ecf8427e",
        "groups": {},
        "checks": {
                "status is 200": {
                    "name": "status is 200",
                    "path": "::status is 200",
                    "id": "6210a8cd14cd70477eba5c5e4cb3fb5f",
                    "passes": 256,
                    "fails": 2
                },
                "has answer field": {
                    "passes": 256,
                    "fails": 2,
                    "name": "has answer field",
                    "path": "::has answer field",
                    "id": "7179c5359c058721f0f5bf9583bcb18f"
                }
            }
    }
}