{
    "metrics": {
        "http_req_duration": {
            "p(95)": 2516.4483566,
            "p(99)": 3512.7897235600017,
            "avg": 1855.3307591879695,
            "min": 1202.402031,
            "med": 1853.610567,
            "max": 3751.321586,
            "p(90)": 2252.6277044000003,
            "thresholds": {
                "p(95)<3000": false
            }
        },
        "http_req_duration{expected_response:true}": {
            "med": 1853.610567,
            "max": 3751.321586,
            "p(90)": 2252.6277044000003,
            "p(95)": 2516.4483566,
            "p(99)": 3512.7897235600017,
            "avg": 1855.3307591879695,
            "min": 1202.402031
        },
        "data_sent": {
            "count": 40885,
            "rate": 1257.2752187867384
        },
        "iteration_duration": {
            "avg": 2362.4325926390993,
            "min": 1703.629144,
            "med": 2355.158558,
            "max": 4252.38029,
            "p(90)": 2835.3329068,
            "p(95)": 3033.8890043999995,
            "p(99)": 4014.198331160002
        },
        "iterations": {
            "count": 133,
            "rate": 4.0899499596095445
        },
        "http_req_tls_handshaking": {
            "p(99)": 44.6328744,
            "avg": 3.231590661654135,
            "min": 0,
            "med": 0,
            "max": 44.778043,
            "p(90)": 0,
            "p(95)": 41.38792199999998
        },
        "http_req_connecting": {
            "min": 0,
            "med": 0,
            "max": 36.979922,
            "p(90)": 0,
            "p(95)": 36.631341,
            "p(99)": 36.94912552,
            "avg": 2.7567652255639095
        },
        "http_req_failed": {
            "passes": 0,
            "fails": 133,
            "thresholds": {
                "rate<0.01": false
            },
            "value": 0
        },
        "http_reqs": {
            "count": 133,
            "rate": 4.0899499596095445
        },
        "vus": {
            "value": 3,
            "min": 3,
            "max": 10
        },
        "vus_max": {
            "value": 10,
            "min": 10,
            "max": 10
        },
        "http_req_waiting": {
            "p(99)": 3512.3798376000022,
            "avg": 1854.8117786842113,
            "min": 1201.976886,
            "med": 1852.576601,
            "max": 3750.914688,
            "p(90)": 2252.0656092,
            "p(95)": 2516.2118584
        },
        "http_req_receiving": {
            "med": 0.203331,
            "max": 2.525576,
            "p(90)": 0.7038469999999999,
            "p(95)": 1.162323799999999,
            "p(99)": 2.441046280000001,
            "avg": 0.3423843157894738,
            "min": 0.032584
        },
        "http_req_blocked": {
            "p(90)": 0.0021284,
            "p(95)": 79.02395799999998,
            "p(99)": 82.44586496,
            "avg": 6.060014962406013,
            "min": 0.000213,
            "med": 0.000546,
            "max": 82.498391
        },
        "data_received": {
            "count": 152285,
            "rate": 4682.992703752928
        },
        "http_req_sending": {
            "min": 0.055362,
            "med": 0.125722,
            "max": 0.899777,
            "p(90)": 0.318665,
            "p(95)": 0.355994,
            "p(99)": 0.6006620800000018,
            "avg": 0.17659618796992477
        },
        "checks": {
            "passes": 266,
            "fails": 0,
            "value": 1
        }
    },
    "root_group": {
        "checks": {
            "status is 200": {
                "path": "::status is 200",
                "id": "6210a8cd14cd70477eba5c5e4cb3fb5f",
                "passes": 133,
                "fails": 0,
                "name": "status is 200"
            },
            "has answer field": {
                "path": "::has answer field",
                "id": "7179c5359c058721f0f5bf9583bcb18f",
                "passes": 133,
                "fails": 0,
                "name": "has answer field"
            }
        },
        "name": "",
        "path": "",
        "id": "d41d8cd98f00b204e9800998ecf8427e",
        "groups": {}
    }
}