{
    "root_group": {
        "name": "",
        "path": "",
        "id": "d41d8cd98f00b204e9800998ecf8427e",
        "groups": {},
        "checks": {
                "status is 200": {
                    "name": "status is 200",
                    "path": "::status is 200",
                    "id": "6210a8cd14cd70477eba5c5e4cb3fb5f",
                    "passes": 305,
                    "fails": 2575
                },
                "has answer field": {
                    "name": "has answer field",
                    "path": "::has answer field",
                    "id": "7179c5359c058721f0f5bf9583bcb18f",
                    "passes": 305,
                    "fails": 2575
                }
            }
    },
    "metrics": {
        "http_req_sending": {
            "avg": 0.15726927812499988,
            "min": 0.029511,
            "med": 0.1340785,
            "max": 5.626248,
            "p(90)": 0.27498140000000004,
            "p(95)": 0.29601795,
            "p(99)": 0.35070486
        },
        "iteration_duration": {
            "avg": 1048.1449348322928,
            "min": 683.135771,
            "med": 706.827107,
            "max": 8932.48451,
            "p(90)": 3053.2005873999956,
            "p(95)": 3866.763302799999,
            "p(99)": 4620.50279311
        },
        "vus": {
            "value": 50,
            "min": 50,
            "max": 50
        },
        "data_received": {
            "count": 1146428,
            "rate": 18886.624109486078
        },
        "iterations": {
            "rate": 47.44604758024045,
            "count": 2880
        },
        "http_req_duration{expected_response:true}": {
            "min": 1305.152429,
            "med": 3347.560506,
            "max": 8256.557424,
            "p(90)": 4053.0772580000003,
            "p(95)": 4497.460798000001,
            "p(99)": 5538.964988079996,
            "avg": 3378.3760682721313
        },
        "http_req_connecting": {
            "max": 4.648344,
            "p(90)": 0,
            "p(95)": 0,
            "p(99)": 1.2261234500000042,
            "avg": 0.03048261423611111,
            "min": 0,
            "med": 0
        },
        "data_sent": {
            "count": 568290,
            "rate": 9362.192492838489
        },
        "http_req_waiting": {
            "min": 182.628427,
            "med": 205.6515945,
            "max": 8256.393378,
            "p(90)": 2552.1395498999955,
            "p(95)": 3362.41694985,
            "p(99)": 4084.9999563500014,
            "avg": 543.8785859975709
        },
        "checks": {
            "passes": 610,
            "fails": 5150,
            "value": 0.10590277777777778
        },
        "vus_max": {
            "value": 50,
            "min": 50,
            "max": 50
        },
        "http_req_failed": {
            "fails": 305,
            "passes": 2575,
            "thresholds": {
                "rate<0.01": true
            },
            "value": 0.8940972222222222
        },
        "http_req_receiving": {
            "min": 0.015292,
            "med": 0.144151,
            "max": 42.09027,
            "p(90)": 0.2316036,
            "p(95)": 0.26106405,
            "p(99)": 0.5362835500000005,
            "avg": 0.4751667027777773
        },
        "http_reqs": {
            "count": 2880,
            "rate": 47.44604758024045
        },
        "http_req_duration": {
            "p(95)": 3363.0051288,
            "p(99)": 4085.1582110500012,
            "avg": 544.5110219784724,
            "min": 182.724464,
            "med": 205.9673055,
            "max": 8256.557424,
            "p(90)": 2552.3787952999955,
            "thresholds": {
                "p(95)<3000": true
            }
        },
        "http_req_blocked": {
            "avg": 2.732344506597229,
            "min": 0.000155,
            "med": 0.0007149999999999999,
            "max": 184.696605,
            "p(90)": 0.0014750999999999998,
            "p(95)": 0.0016570499999999998,
            "p(99)": 162.50245965000005
        },
        "http_req_tls_handshaking": {
            "med": 0,
            "max": 181.59953,
            "p(90)": 0,
            "p(95)": 0,
            "p(99)": 158.02957641000003,
            "avg": 2.664476542013889,
            "min": 0
        }
    }
}